Name,Price,Description,Reviews
Vacation home in New Delhi,Start your search,,4.83 (53)
Apartment in New Delhi,Location,,4.69 (137)
Home in New Delhi,Check in / Check out,1 bed,4.92 (234)
Room in New Delhi,Guests,Aug 14 – 19,4.86 (205)
Condo in New Delhi,I’m flexible,1 double bed,4.96 (162)
Vacation home in New Delhi,Europe,Aug 18 – 23,4.94 (16)
Home in New Delhi,United Kingdom,1 king bed,4.99 (171)
Apartment in New Delhi,Southeast Asia,Aug 5 – 10,4.84 (50)
Condo in New Delhi,Canada,Stay with Manica,4.91 (82)
Apartment in New Delhi,United States,Education,4.83 (41)
Apartment in New Delhi,Search results,Aug 7 – 13,4.81 (505)
Apartment in New Delhi,$.139 per night,6 beds,4.85 (53)
Place to stay in New Delhi,$.104 per night,Aug 13 – 18,4.91 (120)
Apartment in New Delhi,$.128 per night,3 beds,4.89 (355)
Room in New Delhi,", ",Aug 1 – 6,4.8 (30)
Room in New Delhi,$.45 per night,1 king bed,4.38 (219)
Apartment in New Delhi,$.197 per night,Aug 1 – 6,4.58 (107)
Apartment in New Delhi,"$.139 per night, originally $.260",1 double bed,4.84 (363)
Home in New Delhi,Start your search,,4.92 (234)
Apartment in New Delhi,Location,,4.69 (137)
Place to stay in New Delhi,Check in / Check out,1 king bed,4.91 (120)
Vacation home in New Delhi,Guests,Aug 5 – 10,4.83 (53)
Apartment in New Delhi,I’m flexible,1 double bed,4.81 (505)
Apartment in New Delhi,Europe,Aug 18 – 23,4.84 (50)
Vacation home in New Delhi,United Kingdom,1 bed,4.94 (16)
Room in New Delhi,Southeast Asia,Sep 7 – 12,4.38 (219)
Condo in New Delhi,Canada,1 bed,4.91 (82)
Apartment in New Delhi,United States,Aug 14 – 19,4.92 (136)
Apartment in New Delhi,Search results,1 queen bed,4.97 (117)
Room in New Delhi,$.128 per night,Aug 13 – 18,4.86 (205)
Home in New Delhi,$.104 per night,1 double bed,4.77 (26)
Home in New Delhi,$.41 per night,Aug 2 – 7,4.99 (171)
Apartment in New Delhi,$.139 per night,3 beds,4.83 (41)
Apartment in New Delhi,$.53 per night,Aug 1 – 6,4.89 (355)
Condo in New Delhi,"$.59 per night, originally $.70",Stay with Raj,4.39 (120)
Apartment in New Delhi,"$.139 per night, originally $.260",Hosting for 4 years,4.58 (107)
Home in New Delhi,Start your search,,4.92 (234)
Apartment in New Delhi,Location,,4.69 (137)
Place to stay in New Delhi,Check in / Check out,1 king bed,4.91 (120)
Vacation home in New Delhi,Guests,Aug 5 – 10,4.83 (53)
Apartment in New Delhi,I’m flexible,1 double bed,4.81 (505)
Apartment in New Delhi,Europe,Aug 18 – 23,4.84 (50)
Vacation home in New Delhi,United Kingdom,1 bed,4.94 (16)
Room in New Delhi,Southeast Asia,Sep 7 – 12,4.38 (219)
Condo in New Delhi,Canada,1 bed,4.91 (82)
Apartment in New Delhi,United States,Aug 14 – 19,4.92 (136)
Apartment in New Delhi,Search results,1 queen bed,4.97 (117)
Room in New Delhi,$.128 per night,Aug 13 – 18,4.86 (205)
Home in New Delhi,$.104 per night,1 double bed,4.77 (26)
Home in New Delhi,$.41 per night,Aug 2 – 7,4.99 (171)
Apartment in New Delhi,$.139 per night,3 beds,4.83 (41)
Apartment in New Delhi,$.53 per night,Aug 1 – 6,4.89 (355)
Condo in New Delhi,"$.59 per night, originally $.70",Stay with Raj,4.39 (120)
Apartment in New Delhi,"$.139 per night, originally $.260",Hosting for 4 years,4.58 (107)
Home in New Delhi,Start your search,,4.92 (234)
Apartment in New Delhi,Location,,4.69 (137)
Place to stay in New Delhi,Check in / Check out,1 king bed,4.91 (120)
Vacation home in New Delhi,Guests,Aug 5 – 10,4.83 (53)
Apartment in New Delhi,I’m flexible,1 double bed,4.81 (505)
Apartment in New Delhi,Europe,Aug 18 – 23,4.84 (50)
Vacation home in New Delhi,United Kingdom,1 bed,4.94 (16)
Room in New Delhi,Southeast Asia,Sep 7 – 12,4.38 (219)
Condo in New Delhi,Canada,1 bed,4.91 (82)
Apartment in New Delhi,United States,Aug 14 – 19,4.92 (136)
Apartment in New Delhi,Search results,1 queen bed,4.97 (117)
Room in New Delhi,$.128 per night,Aug 13 – 18,4.86 (205)
Home in New Delhi,$.104 per night,1 double bed,4.77 (26)
Home in New Delhi,$.41 per night,Aug 2 – 7,4.99 (171)
Apartment in New Delhi,$.139 per night,3 beds,4.83 (41)
Apartment in New Delhi,$.53 per night,Aug 1 – 6,4.89 (355)
Condo in New Delhi,"$.59 per night, originally $.70",Stay with Raj,4.39 (120)
Apartment in New Delhi,"$.139 per night, originally $.260",Hosting for 4 years,4.58 (107)
Vacation home in Hauz Khas,Start your search,,4.83 (53)
Place to stay in Hauz Khas,Location,,4.91 (120)
Apartment in Hauz Khas,Check in / Check out,1 bed,4.69 (137)
Home in Jangpura,Guests,Aug 14 – 19,4.92 (234)
Vacation home in Jangpura,I’m flexible,1 bed,4.94 (16)
Apartment in Hauz Khas,Europe,Sep 7 – 12,4.81 (505)
Apartment in Hauz Khas,United Kingdom,1 double bed,4.92 (136)
Room in Hauz Khas,Southeast Asia,Aug 18 – 23,4.86 (205)
Room in Jangpura,Canada,1 king bed,4.38 (219)
Apartment in Hauz Khas,United States,Aug 5 – 10,4.83 (41)
Apartment in Hauz Khas,Search results,3 beds,4.58 (107)
Home in New Delhi,$.139 per night,Aug 1 – 6,4.99 (171)
Condo in Greater Kailash I,$.41 per night,1 queen bed,4.92 (182)
Apartment in Hauz Khas,$.104 per night,Aug 13 – 18,New
Apartment in Greater Kailash I,$.128 per night,3 beds,4.84 (50)
Room in Greater Kailash I,"$.139 per night, originally $.260",Aug 19 – 24,4.87 (176)
Room in Hauz Khas,$.53 per night,Stay with Manica,4.66 (230)
Condo in Defence Colony,$.125 per night,Education,4.39 (120)
Vacation home in New Delhi,Start your search,,4.83 (53)
Apartment in New Delhi,Location,,4.69 (137)
Home in New Delhi,Check in / Check out,1 bed,4.92 (234)
Room in New Delhi,Guests,Aug 14 – 19,4.86 (205)
Condo in New Delhi,I’m flexible,1 double bed,4.96 (162)
Vacation home in New Delhi,Europe,Aug 18 – 23,4.94 (16)
Home in New Delhi,United Kingdom,1 king bed,4.99 (171)
Apartment in New Delhi,Southeast Asia,Aug 5 – 10,4.84 (50)
Condo in New Delhi,Canada,Stay with Manica,4.91 (82)
Apartment in New Delhi,United States,Education,4.83 (41)
Apartment in New Delhi,Search results,Aug 7 – 13,4.81 (505)
Apartment in New Delhi,$.139 per night,6 beds,4.85 (53)
Place to stay in New Delhi,$.104 per night,Aug 13 – 18,4.91 (120)
Apartment in New Delhi,$.128 per night,3 beds,4.89 (355)
Room in New Delhi,", ",Aug 1 – 6,4.8 (30)
Room in New Delhi,$.45 per night,1 king bed,4.38 (219)
Apartment in New Delhi,$.197 per night,Aug 1 – 6,4.58 (107)
Apartment in New Delhi,"$.139 per night, originally $.260",1 double bed,4.84 (363)
Vacation home in New Delhi,Start your search,,4.83 (53)
Apartment in New Delhi,Location,,4.69 (137)
Home in New Delhi,Check in / Check out,1 bed,4.92 (234)
Room in New Delhi,Guests,Aug 14 – 19,4.86 (205)
Condo in New Delhi,I’m flexible,1 double bed,4.96 (162)
Vacation home in New Delhi,Europe,Aug 18 – 23,4.94 (16)
Home in New Delhi,United Kingdom,1 king bed,4.99 (171)
Apartment in New Delhi,Southeast Asia,Aug 5 – 10,4.84 (50)
Condo in New Delhi,Canada,Stay with Manica,4.91 (82)
Apartment in New Delhi,United States,Education,4.83 (41)
Apartment in New Delhi,Search results,Aug 7 – 13,4.81 (505)
Apartment in New Delhi,$.139 per night,6 beds,4.85 (53)
Place to stay in New Delhi,$.104 per night,Aug 13 – 18,4.91 (120)
Apartment in New Delhi,$.128 per night,3 beds,4.89 (355)
Room in New Delhi,", ",Aug 1 – 6,4.8 (30)
Room in New Delhi,$.45 per night,1 king bed,4.38 (219)
Apartment in New Delhi,$.197 per night,Aug 1 – 6,4.58 (107)
Apartment in New Delhi,"$.139 per night, originally $.260",1 double bed,4.84 (363)
Apartment in New Delhi,Start your search,,4.84 (50)
Apartment in New Delhi,Location,,4.69 (137)
Place to stay in New Delhi,Check in / Check out,1 double bed,4.91 (120)
Room in New Delhi,Guests,Aug 2 – 7,4.38 (219)
Room in New Delhi,I’m flexible,1 double bed,4.86 (205)
Apartment in New Delhi,Europe,Aug 18 – 23,4.83 (41)
Condo in New Delhi,United Kingdom,1 bed,4.91 (82)
Vacation home in New Delhi,Southeast Asia,Sep 7 – 12,4.94 (16)
Apartment in New Delhi,Canada,Stay with Raj,4.85 (53)
Apartment in New Delhi,United States,Hosting for 4 years,New
Home in New Delhi,Search results,Aug 1 – 6,4.92 (234)
Vacation home in New Delhi,"$.59 per night, originally $.70",Stay with Manica,4.83 (53)
Apartment in New Delhi,$.104 per night,Education,4.92 (136)
Apartment in New Delhi,$.41 per night,Aug 7 – 13,4.81 (505)
Apartment in New Delhi,", ",1 bed,4.58 (107)
Home in New Delhi,$.28 per night,Aug 7 – 12,4.99 (171)
Apartment in New Delhi,", ",2 beds,4.89 (355)
Condo in New Delhi,$.45 per night,Aug 2 – 7,4.39 (120)
Vacation home in Hauz Khas,Start your search,,4.83 (53)
Place to stay in Hauz Khas,Location,,4.91 (120)
Apartment in Hauz Khas,Check in / Check out,1 bed,4.69 (137)
Home in Jangpura,Guests,Aug 14 – 19,4.92 (234)
Vacation home in Jangpura,I’m flexible,1 bed,4.94 (16)
Apartment in Hauz Khas,Europe,Sep 7 – 12,4.81 (505)
Apartment in Hauz Khas,United Kingdom,1 double bed,4.92 (136)
Room in Hauz Khas,Southeast Asia,Aug 18 – 23,4.86 (205)
Room in Jangpura,Canada,1 king bed,4.38 (219)
Apartment in Hauz Khas,United States,Aug 5 – 10,4.83 (41)
Apartment in Hauz Khas,Search results,3 beds,4.58 (107)
Home in New Delhi,$.139 per night,Aug 1 – 6,4.99 (171)
Condo in Greater Kailash I,$.41 per night,1 queen bed,4.92 (182)
Apartment in Hauz Khas,$.104 per night,Aug 13 – 18,New
Apartment in Greater Kailash I,$.128 per night,3 beds,4.84 (50)
Room in Greater Kailash I,"$.139 per night, originally $.260",Aug 19 – 24,4.87 (176)
Room in Hauz Khas,$.53 per night,Stay with Manica,4.66 (230)
Condo in Defence Colony,$.125 per night,Education,4.39 (120)
Home in New Delhi,Start your search,,4.92 (234)
Apartment in New Delhi,Location,,4.69 (137)
Place to stay in New Delhi,Check in / Check out,1 king bed,4.91 (120)
Vacation home in New Delhi,Guests,Aug 5 – 10,4.83 (53)
Apartment in New Delhi,I’m flexible,1 double bed,4.81 (505)
Apartment in New Delhi,Europe,Aug 18 – 23,4.84 (50)
Vacation home in New Delhi,United Kingdom,1 bed,4.94 (16)
Room in New Delhi,Southeast Asia,Sep 7 – 12,4.38 (219)
Condo in New Delhi,Canada,1 bed,4.91 (82)
Apartment in New Delhi,United States,Aug 14 – 19,4.92 (136)
Apartment in New Delhi,Search results,1 queen bed,4.97 (117)
Room in New Delhi,$.128 per night,Aug 13 – 18,4.86 (205)
Home in New Delhi,$.104 per night,1 double bed,4.77 (26)
Home in New Delhi,$.41 per night,Aug 2 – 7,4.99 (171)
Apartment in New Delhi,$.139 per night,3 beds,4.83 (41)
Apartment in New Delhi,$.53 per night,Aug 1 – 6,4.89 (355)
Condo in New Delhi,"$.59 per night, originally $.70",Stay with Raj,4.39 (120)
Apartment in New Delhi,"$.139 per night, originally $.260",Hosting for 4 years,4.58 (107)
Vacation home in New Delhi,Start your search,,4.83 (53)
Apartment in New Delhi,Location,,4.69 (137)
Home in New Delhi,Check in / Check out,1 bed,4.92 (234)
Room in New Delhi,Guests,Aug 14 – 19,4.86 (205)
Condo in New Delhi,I’m flexible,1 double bed,4.96 (162)
Vacation home in New Delhi,Europe,Aug 18 – 23,4.94 (16)
Home in New Delhi,United Kingdom,1 king bed,4.99 (171)
Apartment in New Delhi,Southeast Asia,Aug 5 – 10,4.84 (50)
Condo in New Delhi,Canada,Stay with Manica,4.91 (82)
Apartment in New Delhi,United States,Education,4.83 (41)
Apartment in New Delhi,Search results,Aug 7 – 13,4.81 (505)
Apartment in New Delhi,$.139 per night,6 beds,4.85 (53)
Place to stay in New Delhi,$.104 per night,Aug 13 – 18,4.91 (120)
Apartment in New Delhi,$.128 per night,3 beds,4.89 (355)
Room in New Delhi,", ",Aug 1 – 6,4.8 (30)
Room in New Delhi,$.45 per night,1 king bed,4.38 (219)
Apartment in New Delhi,$.197 per night,Aug 1 – 6,4.58 (107)
Apartment in New Delhi,"$.139 per night, originally $.260",1 double bed,4.84 (363)
Vacation home in Hauz Khas,Start your search,,4.83 (53)
Place to stay in Hauz Khas,Location,,4.91 (120)
Apartment in Hauz Khas,Check in / Check out,1 bed,4.69 (137)
Home in Jangpura,Guests,Aug 14 – 19,4.92 (234)
Vacation home in Jangpura,I’m flexible,1 bed,4.94 (16)
Apartment in Hauz Khas,Europe,Sep 7 – 12,4.81 (505)
Apartment in Hauz Khas,United Kingdom,1 double bed,4.92 (136)
Room in Hauz Khas,Southeast Asia,Aug 18 – 23,4.86 (205)
Room in Jangpura,Canada,1 king bed,4.38 (219)
Apartment in Hauz Khas,United States,Aug 5 – 10,4.83 (41)
Apartment in Hauz Khas,Search results,3 beds,4.58 (107)
Home in New Delhi,$.139 per night,Aug 1 – 6,4.99 (171)
Condo in Greater Kailash I,$.41 per night,1 queen bed,4.92 (182)
Apartment in Hauz Khas,$.104 per night,Aug 13 – 18,New
Apartment in Greater Kailash I,$.128 per night,3 beds,4.84 (50)
Room in Greater Kailash I,"$.139 per night, originally $.260",Aug 19 – 24,4.87 (176)
Room in Hauz Khas,$.53 per night,Stay with Manica,4.66 (230)
Condo in Defence Colony,$.125 per night,Education,4.39 (120)
Apartment in New Delhi,Start your search,,4.84 (50)
Apartment in New Delhi,Location,,4.69 (137)
Place to stay in New Delhi,Check in / Check out,1 double bed,4.91 (120)
Room in New Delhi,Guests,Aug 2 – 7,4.38 (219)
Room in New Delhi,I’m flexible,1 double bed,4.86 (205)
Apartment in New Delhi,Europe,Aug 18 – 23,4.83 (41)
Condo in New Delhi,United Kingdom,1 bed,4.91 (82)
Vacation home in New Delhi,Southeast Asia,Sep 7 – 12,4.94 (16)
Apartment in New Delhi,Canada,Stay with Raj,4.85 (53)
Apartment in New Delhi,United States,Hosting for 4 years,New
Home in New Delhi,Search results,Aug 1 – 6,4.92 (234)
Vacation home in New Delhi,"$.59 per night, originally $.70",Stay with Manica,4.83 (53)
Apartment in New Delhi,$.104 per night,Education,4.92 (136)
Apartment in New Delhi,$.41 per night,Aug 7 – 13,4.81 (505)
Apartment in New Delhi,", ",1 bed,4.58 (107)
Home in New Delhi,$.28 per night,Aug 7 – 12,4.99 (171)
Apartment in New Delhi,", ",2 beds,4.89 (355)
Condo in New Delhi,$.45 per night,Aug 2 – 7,4.39 (120)
Vacation home in New Delhi,Start your search,,4.83 (53)
Apartment in New Delhi,Location,,4.69 (137)
Home in New Delhi,Check in / Check out,1 bed,4.92 (234)
Room in New Delhi,Guests,Aug 14 – 19,4.86 (205)
Condo in New Delhi,I’m flexible,1 double bed,4.96 (162)
Vacation home in New Delhi,Europe,Aug 18 – 23,4.94 (16)
Home in New Delhi,United Kingdom,1 king bed,4.99 (171)
Apartment in New Delhi,Southeast Asia,Aug 5 – 10,4.84 (50)
Condo in New Delhi,Canada,Stay with Manica,4.91 (82)
Apartment in New Delhi,United States,Education,4.83 (41)
Apartment in New Delhi,Search results,Aug 7 – 13,4.81 (505)
Apartment in New Delhi,$.139 per night,6 beds,4.85 (53)
Place to stay in New Delhi,$.104 per night,Aug 13 – 18,4.91 (120)
Apartment in New Delhi,$.128 per night,3 beds,4.89 (355)
Room in New Delhi,", ",Aug 1 – 6,4.8 (30)
Room in New Delhi,$.45 per night,1 king bed,4.38 (219)
Apartment in New Delhi,$.197 per night,Aug 1 – 6,4.58 (107)
Apartment in New Delhi,"$.139 per night, originally $.260",1 double bed,4.84 (363)
Home in New Delhi,Start your search,,4.92 (234)
Apartment in New Delhi,Location,,4.69 (137)
Place to stay in New Delhi,Check in / Check out,1 king bed,4.91 (120)
Vacation home in New Delhi,Guests,Aug 5 – 10,4.83 (53)
Apartment in New Delhi,I’m flexible,1 double bed,4.81 (505)
Apartment in New Delhi,Europe,Aug 18 – 23,4.84 (50)
Vacation home in New Delhi,United Kingdom,1 bed,4.94 (16)
Room in New Delhi,Southeast Asia,Sep 7 – 12,4.38 (219)
Condo in New Delhi,Canada,1 bed,4.91 (82)
Apartment in New Delhi,United States,Aug 14 – 19,4.92 (136)
Apartment in New Delhi,Search results,1 queen bed,4.97 (117)
Room in New Delhi,$.128 per night,Aug 13 – 18,4.86 (205)
Home in New Delhi,$.104 per night,1 double bed,4.77 (26)
Home in New Delhi,$.41 per night,Aug 2 – 7,4.99 (171)
Apartment in New Delhi,$.139 per night,3 beds,4.83 (41)
Apartment in New Delhi,$.53 per night,Aug 1 – 6,4.89 (355)
Condo in New Delhi,"$.59 per night, originally $.70",Stay with Raj,4.39 (120)
Apartment in New Delhi,"$.139 per night, originally $.260",Hosting for 4 years,4.58 (107)
Vacation home in Hauz Khas,Start your search,,4.83 (53)
Place to stay in Hauz Khas,Location,,4.91 (120)
Apartment in Hauz Khas,Check in / Check out,1 bed,4.69 (137)
Home in Jangpura,Guests,Aug 14 – 19,4.92 (234)
Vacation home in Jangpura,I’m flexible,1 bed,4.94 (16)
Apartment in Hauz Khas,Europe,Sep 7 – 12,4.81 (505)
Apartment in Hauz Khas,United Kingdom,1 double bed,4.92 (136)
Room in Hauz Khas,Southeast Asia,Aug 18 – 23,4.86 (205)
Room in Jangpura,Canada,1 king bed,4.38 (219)
Apartment in Hauz Khas,United States,Aug 5 – 10,4.83 (41)
Apartment in Hauz Khas,Search results,3 beds,4.58 (107)
Home in New Delhi,$.139 per night,Aug 1 – 6,4.99 (171)
Condo in Greater Kailash I,$.41 per night,1 queen bed,4.92 (182)
Apartment in Hauz Khas,$.104 per night,Aug 13 – 18,New
Apartment in Greater Kailash I,$.128 per night,3 beds,4.84 (50)
Room in Greater Kailash I,"$.139 per night, originally $.260",Aug 19 – 24,4.87 (176)
Room in Hauz Khas,$.53 per night,Stay with Manica,4.66 (230)
Condo in Defence Colony,$.125 per night,Education,4.39 (120)
Apartment in New Delhi,Start your search,,4.84 (50)
Apartment in New Delhi,Location,,4.69 (137)
Place to stay in New Delhi,Check in / Check out,1 double bed,4.91 (120)
Room in New Delhi,Guests,Aug 2 – 7,4.38 (219)
Room in New Delhi,I’m flexible,1 double bed,4.86 (205)
Apartment in New Delhi,Europe,Aug 18 – 23,4.83 (41)
Condo in New Delhi,United Kingdom,1 bed,4.91 (82)
Vacation home in New Delhi,Southeast Asia,Sep 7 – 12,4.94 (16)
Apartment in New Delhi,Canada,Stay with Raj,4.85 (53)
Apartment in New Delhi,United States,Hosting for 4 years,New
Home in New Delhi,Search results,Aug 1 – 6,4.92 (234)
Vacation home in New Delhi,"$.59 per night, originally $.70",Stay with Manica,4.83 (53)
Apartment in New Delhi,$.104 per night,Education,4.92 (136)
Apartment in New Delhi,$.41 per night,Aug 7 – 13,4.81 (505)
Apartment in New Delhi,", ",1 bed,4.58 (107)
Home in New Delhi,$.28 per night,Aug 7 – 12,4.99 (171)
Apartment in New Delhi,", ",2 beds,4.89 (355)
Condo in New Delhi,$.45 per night,Aug 2 – 7,4.39 (120)
Home in New Delhi,Start your search,,4.92 (234)
Apartment in New Delhi,Location,,4.69 (137)
Place to stay in New Delhi,Check in / Check out,1 king bed,4.91 (120)
Vacation home in New Delhi,Guests,Aug 5 – 10,4.83 (53)
Apartment in New Delhi,I’m flexible,1 double bed,4.81 (505)
Apartment in New Delhi,Europe,Aug 18 – 23,4.84 (50)
Vacation home in New Delhi,United Kingdom,1 bed,4.94 (16)
Room in New Delhi,Southeast Asia,Sep 7 – 12,4.38 (219)
Condo in New Delhi,Canada,1 bed,4.91 (82)
Apartment in New Delhi,United States,Aug 14 – 19,4.92 (136)
Apartment in New Delhi,Search results,1 queen bed,4.97 (117)
Room in New Delhi,$.128 per night,Aug 13 – 18,4.86 (205)
Home in New Delhi,$.104 per night,1 double bed,4.77 (26)
Home in New Delhi,$.41 per night,Aug 2 – 7,4.99 (171)
Apartment in New Delhi,$.139 per night,3 beds,4.83 (41)
Apartment in New Delhi,$.53 per night,Aug 1 – 6,4.89 (355)
Condo in New Delhi,"$.59 per night, originally $.70",Stay with Raj,4.39 (120)
Apartment in New Delhi,"$.139 per night, originally $.260",Hosting for 4 years,4.58 (107)
Vacation home in Hauz Khas,Start your search,,4.83 (53)
Place to stay in Hauz Khas,Location,,4.91 (120)
Apartment in Hauz Khas,Check in / Check out,1 bed,4.69 (137)
Home in Jangpura,Guests,Aug 14 – 19,4.92 (234)
Vacation home in Jangpura,I’m flexible,1 bed,4.94 (16)
Apartment in Hauz Khas,Europe,Sep 7 – 12,4.81 (505)
Apartment in Hauz Khas,United Kingdom,1 double bed,4.92 (136)
Room in Hauz Khas,Southeast Asia,Aug 18 – 23,4.86 (205)
Room in Jangpura,Canada,1 king bed,4.38 (219)
Apartment in Hauz Khas,United States,Aug 5 – 10,4.83 (41)
Apartment in Hauz Khas,Search results,3 beds,4.58 (107)
Home in New Delhi,$.139 per night,Aug 1 – 6,4.99 (171)
Condo in Greater Kailash I,$.41 per night,1 queen bed,4.92 (182)
Apartment in Hauz Khas,$.104 per night,Aug 13 – 18,New
Apartment in Greater Kailash I,$.128 per night,3 beds,4.84 (50)
Room in Greater Kailash I,"$.139 per night, originally $.260",Aug 19 – 24,4.87 (176)
Room in Hauz Khas,$.53 per night,Stay with Manica,4.66 (230)
Condo in Defence Colony,$.125 per night,Education,4.39 (120)
